Name,City,State,Class
Paul Alban,Hot Springs,AR,Mod Lite
Colin Anderson,Huxley,IA,Mod Lite
Garrison Anderson,Huxley,IA,Mod Lite
Grant Anderson,Huxley,IA,Mod Lite
Scott Bailey,Carlisle,IA,Mod Lite
Benny Baker,Hensley,AR,Mod Lite
Cliff Barber,Nevada,IA,Mod Lite
Ben Blalock,North Fort Myers,FL,Mod Lite
Mat Boyd,Farmington,MO,Mod Lite
Joe Boyll,Kokomo,IN,Mod Lite
Jon Braathun,Story City,IA,Mod Lite
Charlie Brown,Nevada,IA,Mod Lite
Johnny Brown,Orange,TX,Mod Lite
Randy Bryan,Ames,IA,Mod Lite
Devin Bryant,Searcy,AR,Mod Lite
Dillion Bush,Milo,IA,Mod Lite
Christopher Buxton,Lumberton,TX,Mod Lite
Kevin Carl,Port Neches,TX,Mod Lite
Jaxon Carr,Des Moines,IA,Mod Lite
Jason Castleberry,Hot Springs,AR,Mod Lite
Ronnie Choate,Cookeville,TN,Mod Lite
Riley Clem,Wildersville,TN,Mod Lite
Randy Coleman,St. Louis,MO,Mod Lite
Sam Coleman,Farmington,MO,Mod Lite
Bryan Compart,Madrid,IA,Mod Lite
Dennis Cooper,Franklin,KY,Mod Lite
Chad Cunningham,Mt. Vernon,TX,Mod Lite
Chris Danna,Lumberton,TX,Mod Lite
Kyle Demo,Fulton,NY,Mod Lite
Alex Eischeid,Mechanicsville,IA,Mod Lite
Brandon Freeburg,Metamora,IL,Mod Lite
Tyler Furrell,Belton,MO,Mod Lite
Ben George,Altoona,IA,Mod Lite
Joe Glick,Madrid,IA,Mod Lite
Tracen Glick,Madrid,IA,Mod Lite
Austin Gray,Story City,IA,Mod Lite
Ed Griggs,Pleasant Hill,MO,Mod Lite
Bobby Hill,Wilburn,AR,Mod Lite
Dalton Hill,Wilburn,AR,Mod Lite
Dylan Hill,Wilburn,AR,Mod Lite
Zach Holerud,Woodhull,IL,Mod Lite
Joel Huggins,Des Moines,IA,Mod Lite
Josh Hutchinson,Freeman Spur,IL,Mod Lite
Joe Isabell,West Monroe,NY,Mod Lite
Shane Jenkins,Vidor,TX,Mod Lite
Scott Jordan,Vidor,TX,Mod Lite
Justin Kinderknecht,Salina,KS,Mod Lite
Matt Kitts,Fulton,NY,Mod Lite
Chelsea Ladurini,Pleasant Hill,IA,Mod Lite
Charlie Laizure,Creighton,MO,Mod Lite
Michael Mann,Colchester,IL,Mod Lite
Jason Masengarb,Colona,IL,Mod Lite
Josh May,Des Moines,IA,Mod Lite
Jaedon McDowell,Murfreesboro,TN,Mod Lite
Mike Morrow,Colona,IL,Mod Lite
William Nobles,West Des Moines,IA,Mod Lite
Colby Oberembt,Adel,IA,Mod Lite
Roger Olschewske Jr.,Union Springs,NY,Mod Lite
Jon Padilla,Silvis,IL,Mod Lite
Mike Pershing,Colchester,IL,Mod Lite
Dillon Raffurty,Kansas City,MO,Mod Lite
Justin Raffurty,Kearney,MO,Mod Lite
Michael Raffurty,Kansas City,MO,Mod Lite
Gage Raines,Searcy,AR,Mod Lite
Jacob Rayburn,Beaumont,TX,Mod Lite
Jace Reid,Nashville,AR,Mod Lite
James Rollins,Arkadelphia,AR,Mod Lite
Cory Sonner,Polk City,IA,Mod Lite
Jeff Stensland,Nevada,IA,Mod Lite
Travis Stensland,Nevada,IA,Mod Lite
Garrett Stonum,Lawson,MO,Mod Lite
Robert Thompson,Colchester,IL,Mod Lite
Jason Toppenberg,Ames,IA,Mod Lite
Candi Varney,Ozark,AR,Mod Lite
Tim Varney,Ozark,AR,Mod Lite
Bryce Vowan,West Memphis,AR,Mod Lite
Chase Walls,Shelbyville,TN,Mod Lite
Doug Williams,Central Square,NY,Mod Lite
Justin Williams,Syracuse,NY,Mod Lite
Blake Wilson,Mabelvale,AR,Mod Lite
Jeromy Wilson,Mabelvale,AR,Mod Lite
Nathan Wolfe,Lee's Summit,MO,Mod Lite
James Wonick,Iowa City,IA,Mod Lite
Bryan Zehm,Ames,IA,Mod Lite
Chris Abelson,Sioux City,IA,Modified
Michael Ables Jr.,Caddo,OK,Modified
Jeff Aikey,Cedar Falls,IA,Modified
Ricky Alvarado,Hotchkiss,CO,Modified
Cody Apfelbeck,Burnett,WI,Modified
Steve Askew,Valley View,TX,Modified
Robert Avery,Des Moines,IA,Modified
Chaz Baca,Mesa,AZ,Modified
Curtis Barnes,Lindsborg,KS,Modified
Eric Barnes,Colona,IL,Modified
Jason Barnhill,Pace,FL,Modified
Owen Barnhill,Milton,FL,Modified
Jason Bass,Fort Dodge,IA,Modified
James Beaman,Fort Morgan,CO,Modified
Austen Becerra,Carthage,IL,Modified
Brandon Beckendorf,Danube,MN,Modified
Tyler Belcher,Laceyville,PA,Modified
Eddie Belec,Arvada,CO,Modified
Tommy Belmer,Evansdale,IA,Modified
Trystin Belthuis,Dysart,IA,Modified
Cole Bents,Rushmore,MN,Modified
Brett Berry,Hays,KS,Modified
Tom Berry Jr.,Marshalltown,IA,Modified
Dennis Betzer,Central City,IA,Modified
Kelsie Black,Otis,KS,Modified
Tanner Black,Otis,KS,Modified
Tyler Blankenship,Bakersfield,CA,Modified
Wyatt Block,Tigerton,WI,Modified
Jeff Bodendorfer,Waterford,WI,Modified
Ethan Braaksma,Newton,IA,Modified
Cody Brill,Bates City,MO,Modified
David Brown,Kellogg,IA,Modified
Kyle Brown,Madrid,IA,Modified
Randy Brown,Chowchilla,CA,Modified
Keith Brown Jr.,Greenbrier,AR,Modified
Ronnie Burkhardt,Topeka,KS,Modified
Jeremy Busby,Graford,TX,Modified
Joel Bushore,Boone,IA,Modified
Ben Chapman,Clarence,IA,Modified
Rob Charapata,Green Bay,WI,Modified
Jim Chisholm,Osage,IA,Modified
Drew Christianson,Minot,ND,Modified
Owen Clark,La Porte City,IA,Modified
Kaden Cochrun,Ridgeway,MO,Modified
Jim Cole,Sioux City,IA,Modified
Beau Collins,Savoy,TX,Modified
Troy Cordes,Dunkerton,IA,Modified
Cody Cornell,Lindsay,OK,Modified
Matt Crafton,Mooresville,NC,Modified
Timmy Current,Bernard,IA,Modified
Cole Czarneski,Denmark,WI,Modified
Tim Czarneski,Denmark,WI,Modified
Tyler DeBouche,Green Bay,WI,Modified
Shane DeMey,Denison,IA,Modified
Zane DeVilbiss,Farmington,NM,Modified
Brenten DeYoung,Crystal,MI,Modified
Myron DeYoung,Crystal,MI,Modified
Russ Dickerson,Boone,IA,Modified
Kellie Drury,Eldora,IA,Modified
Brandon Eichelberger,Peoria,AZ,Modified
Greg Elliott,Webster City,IA,Modified
Brian Eppert,Ogden,IA,Modified
Grey Ferrando,Stayton,OR,Modified
Kersey Ferrando,Stayton,OR,Modified
Josh Fisher,La Porte City,IA,Modified
Trevor Fitz,Marshalltown,IA,Modified
Bob Fleshman,Merrill,IA,Modified
Jerry Flippo,Bakersfield,CA,Modified
Troy Foulger,Oakley,CA,Modified
Jed Freiburger,Dubuque,IA,Modified
Jadin Fuller,Memphis,MO,Modified
Tripp Gaylord,Lakewood,CO,Modified
Ryan Gillmore,Springfield,MO,Modified
J.T. Goodson,Little Rock,AR,Modified
Mike Goodson,Lone Grove,OK,Modified
Cody Goodwin,Bath,MI,Modified
Daniel Gottschalk,Ellis,KS,Modified
David Gould,Calera,OK,Modified
William Gould,Calera,OK,Modified
Gregory Gretz,Kewaunee,WI,Modified
Jimmy Gustin,Marshalltown,IA,Modified
Richie Gustin,Gilman,IA,Modified
Greg Gustus,Hudson,CO,Modified
Garry Hall,Rochester,MN,Modified
Larry Hall,Rochester,MN,Modified
Tim Hamilton,Lindsay,OK,Modified
Derek Hanson,Britton,SD,Modified
Brint Hartwick,Quitman,AR,Modified
Spencer Hartwick,Quitman,AR,Modified
Clint Hatlestad,Glencoe,MN,Modified
Kyle Heckman,Bakersfield,CA,Modified
Jeremie Hedrick,Clintonville,WI,Modified
Kollin Hibdon,Fargo,ND,Modified
Oliver Hilliard,Houghton Lake,MI,Modified
Tucker Hislop,Vernal,UT,Modified
Jacob Hobscheidt,Plattsmouth,NE,Modified
Adam Hommerding,Lake Havasu City,AZ,Modified
Lorne Hommerding,Lake Havasu City,AZ,Modified
Darrell Hughes II,Decatur,TX,Modified
Mitchell Hunt,Lakeview,MI,Modified
Jason Ingalls,Longview,TX,Modified
Drew Janssen,Pella,IA,Modified
Aaron Johnson,Brainerd,MN,Modified
Tyson Keeney,Hot Springs,AR,Modified
Brenda Kirby,New River,AZ,Modified
Trey Kline,Schleswig,IA,Modified
Cody Knecht,Whittemore,IA,Modified
Austin Kuehl,Cave Creek,AZ,Modified
Lucas Lamberies,Clintonville,WI,Modified
Cody Laney,Torrance,CA,Modified
Jeff Larson,Freeport,IL,Modified
Ronn Lauritzen,La Porte City,IA,Modified
Brandon Leeman,Roland,IA,Modified
Cody Leonard,Sinton,TX,Modified
Race Liberante,Sewickley,PA,Modified
Mike Lineberry,Fremont,NE,Modified
Johnathon Logue,Logansport,IA,Modified
Josh Longnecker,Little Suamico,WI,Modified
Kaylin Lopez,Chowchilla,CA,Modified
Trent Loverude,New Ulm,MN,Modified
Dalton Magers,Redwood Falls,MN,Modified
Izac Mallicoat,Boone,IA,Modified
Sean Manning,Bennington,NE,Modified
Johnathan Mawhinney,Las Vegas,NV,Modified
Chad May,Rockford,MI,Modified
Jake McBirnie,Boone,IA,Modified
Justin McCreadie,Phoenix,OR,Modified
Ryan McDaniel,Olivehurst,CA,Modified
Matthew Meinecke,Jamaica,IA,Modified
Dan Menk,Franklin,MN,Modified
R.J. Merchant,South Sioux City,NE,Modified
Nick Meyer,Whittemore,IA,Modified
Richard Michael Jr.,Ischua,NY,Modified
Drew Miller,Goodland,KS,Modified
Jeremy Mills,Clear Lake,IA,Modified
Derek Moede,New Franken,WI,Modified
Clay Money,Penokee,KS,Modified
Bob Moore,Sioux City,IA,Modified
Robert Moore,Maxwell,IA,Modified
Chris Morris,Thorndale,TX,Modified
Troy Morris III,Bakersfield,CA,Modified
Matt Mueller,Stamford,TX,Modified
Joe Mullins,Boulder,CO,Modified
Dallon Murty,Chelsea,IA,Modified
Paul Nagle,Nevada,IA,Modified
Colton Nelson,Osceola,IA,Modified
Jake Nightingale,Hutchinson,KS,Modified
Justin O'Brien,West Union,IA,Modified
Lawrence O'Connor,Port Hardy,BC,Modified
Kade Ogle,Lubbock,TX,Modified
Kenzington Ogle,Lubbock,TX,Modified
Vince Ogle,Lubbock,TX,Modified
Kyle Olberding,Seneca,KS,Modified
Kolton Osborn,Janesville,IA,Modified
John Parmeley,Phoenix,AZ,Modified
Mitch Parmeley,Hillsboro,MO,Modified
Nathan Patrick,Pewamo,WI,Modified
Dave Pedersen,Brady,NE,Modified
Jake Pike,Pahrump,NV,Modified
Jason Pike,Pahrump,NV,Modified
Bill Pittaway,Corpus Christi,TX,Modified
Bret Ramsey,Waterloo,IA,Modified
Dan Ratajczak,Luxemburg,WI,Modified
Jeff Reay,Portland,MI,Modified
Devon Reed,Woodland,WA,Modified
James Reichart,Indianola,IA,Modified
J.J. Reimers,Belle Plaine,MN,Modified
Carson Reinig,Harlan,IA,Modified
Jeremy Richey,Medford,OR,Modified
Jesse Richter,Great Bend,KS,Modified
Ethan Robey,Ames,IA,Modified
Kyle Robinson,Pilot Point,TX,Modified
Dan Roedl,Beaver Dam,WI,Modified
Jordan Rogotzke,Sanborn,MN,Modified
Anthony Roth,Columbus,NE,Modified
Joel Rust,Grundy Cneter,IA,Modified
Jaxon Saathoff,Beatrice,NE,Modified
Johnny Saathoff,Beatrice,NE,Modified
Cory Sample,Winnemucca,NV,Modified
Kaity Sample,Winnemucca,NV,Modified
Jeff Sampson,Evansdale,IA,Modified
Larry Sanders,Ardmore,OK,Modified
Rob Sanders,Bakersfield,CA,Modified
Cory Sauerman,Johnston,IA,Modified
Robby Sawyer,Bakersfield,CA,Modified
Ashley Schaaf,Lincoln,NE,Modified
Brandon Schmitt,Beaver Dam,WI,Modified
Jason Schneiders,North Sioux City,SD,Modified
Clay Sellard,Bucklin,KS,Modified
Dylan Sherfick,WaKeeney,KS,Modified
Jim Shoemaker,Green River,WY,Modified
Kelly Shryock,Fertile,IA,Modified
Todd Shute,Norwalk,IA,Modified
Luke Silber,Laveen,AZ,Modified
Scott Simatovich,State Center,IA,Modified
Chris Simmel,Valley View,TX,Modified
Riley Simmons,Ankeny,IA,Modified
Jacob Snyder,Dunkerton,IA,Modified
Dakota Sproul,Hays,KS,Modified
Josh Stambaugh,Howe,TX,Modified
Tyler Staruiala,Red Deer,AB,Modified
Ayden Steffens,North Platte,NE,Modified
Ricky Stephan,South Sioux City,NE,Modified
Jeff Stephens,Arion,IA,Modified
Todd Stinehart,Waseca,MN,Modified
Stephen Streeter,Madera,CA,Modified
Larry Sutton,Beloit,KS,Modified
Regan Tafoya,Farmington,NM,Modified
Griffin Taylor,Kannapolis,NC,Modified
Will Taylor,Puyallup,WA,Modified
Jim Thies,Mapleton,IA,Modified
Eddie Thomas,Waterloo,IA,Modified
Jeff Thomas,Eagle River,WI,Modified
Cody Thompson,Sioux City,IA,Modified
Dylan Thornton,Orcutt,CA,Modified
Nick Trenchard,Klamath Falls,OR,Modified
Chris Tuchscherer,Burlington,ND,Modified
Jake Upchurch,Red Oak,TX,Modified
Mike Van Genderen,Newton,IA,Modified
Ronnie Wallace,McCook,NE,Modified
Tim Ward,Harcourt,IA,Modified
John Webb,Pauls Valley,IA,Modified
Tony Wedelstadt,Combined Locks,WI,Modified
Steven Whiteaker Jr.,Robstown,TX,Modified
Johnny Whitman,Suamico,WI,Modified
Jace Whitt,Hamilton,MO,Modified
Ashton Wilkey,Batesville,AR,Modified
Cameron Wilson,Gainesville,TX,Modified
Dustin Wilwert,Dubuque,IA,Modified
Collen Winebarger,Corbett,OR,Modified
Kyle Wisdom,Abilene,TX,Modified
Wesley Wise,Perryville,AR,Modified
Roger Witt,Batesville,AR,Modified
Austin Wonch,Crystal,MI,Modified
Skyler Woods,Beaver Dam,WI,Modified
Cory Wray,Trenton,MO,Modified
Tyrone Yazzie,Farmington,NM,Modified
Braxton Yeager,Green River,WY,Modified
Bryson Yeager,Green River,WY,Modified
Rusty Zeigler,Ovid,MI,Modified
Ken Ziegler,Ovid,MI,Modified
Jeffrey Abbey,Boyd,TX,Stock Car
John Adams,Denmark,WI,Stock Car
Justin Addison,Meadow Grove,NE,Stock Car
Justin Ades,Webster City,IA,Stock Car
Derrick Agee,Huntsville,MO,Stock Car
Mike Albertsen,Audubon,IA,Stock Car
Chase Alves,Sioux Falls,SD,Stock Car
Ryan Ayers,Salina,KS,Stock Car
Trace Ayers,Brookville,KS,Stock Car
Chaz Baca,Mesa,AZ,Stock Car
Harrison Bailey,Parkville,MO,Stock Car
D.J. Banks,Brush,CO,Stock Car
Travis Barker,Sioux City,IA,Stock Car
J.J. Baumli,Lathrop,MO,Stock Car
Brandon Beam,St. Joseph,MO,Stock Car
Jayden Bears,Kansas City,MO,Stock Car
Nick Beckman,Lincoln,NE,Stock Car
Joe Bellm,Broomfield,CO,Stock Car
Layne Bellm,Broomfield,CO,Stock Car
Ryan Besaw,Omro,WI,Stock Car
Ryan Bohnstedt,Hennessey,OK,Stock Car
Austin Bouzek,Trenton,MO,Stock Car
Bill Brack,Mead,CO,Stock Car
David Brandies,Wilton,IA,Stock Car
Austin Brands,Boyden,IA,Stock Car
Jay Brannan,Odebolt,IA,Stock Car
Austin Brauner,Platte Center,NE,Stock Car
Rob Brillhart,Crystal,MI,Stock Car
Randy Brown,Chowchilla,CA,Stock Car
Shaun Bruns,Danube,MN,Stock Car
Nick Buckarma,Sobieski,WI,Stock Car
Andrew Burk,Milan,IL,Stock Car
Tathan Burkhart,Hays,KS,Stock Car
Troy Burkhart,Hays,KS,Stock Car
Jeff Byers Jr.,Milo,IA,Stock Car
Tom Cannon,West Branch,IA,Stock Car
Bryce Carey,Nashua,IA,Stock Car
Austin Carter,Jamestown,KS,Stock Car
Jonny Carter,Fairmont,ND,Stock Car
Danny Cavanagh,Blanchard,OK,Stock Car
Bob Chalupa,McCook,NE,Stock Car
Rob Charapata,Green Bay,WI,Stock Car
Riley Christensen,Audubon,IA,Stock Car
Jeremy Christians,Horicon,WI,Stock Car
Blake Clark,Joshua,TX,Stock Car
Andrew Claus,Spencer,IA,Stock Car
Blake Cole,Nashua,IA,Stock Car
Beau Collins,Savoy,TX,Stock Car
Charlie Cook,Pueblo West,CO,Stock Car
Joseph Cooper,North Platte,NE,Stock Car
Garrett Corn,Marshalltown,IA,Stock Car
Justin Custer,Liberty,MO,Stock Car
Brandon Czarapata,Pulaski,WI,Stock Car
Cole Czarneski,Denmark,WI,Stock Car
Tim Czarneski,Denmark,WI,Stock Car
Russell Damme Jr.,Sumner,IA,Stock Car
Bob Daniels,Des Moines,IA,Stock Car
Josh Daniels,Carlisle,IA,Stock Car
Scott Davis,Lenox,IA,Stock Car
Terry Decarlo Jr.,Martinez,CA,Stock Car
Todd Decker,Edmond,OK,Stock Car
Maguire DeJong,Montezuma,IA,Stock Car
Zane DeVilbiss,Farmington,NM,Stock Car
Chris Dollarhide,Little Rock,AR,Stock Car
David Donegan,Healesville,AUS,Stock Car
Dan Drury,Eldora,IA,Stock Car
Travis Dutra,Martinez,CA,Stock Car
Bo Eads,Trenton,MO,Stock Car
G.W. Egbert,Salado,TX,Stock Car
Trevor Egbert,Salado,TX,Stock Car
Austin Evens,Independence,IA,Stock Car
Mitchell Evens,Dubuque,IA,Stock Car
Kyle Everts,Holland,IA,Stock Car
Tommy Fain,Abilene,TX,Stock Car
Kersey Ferrando,Stayton,OR,Stock Car
Colby Fett,Algona,IA,Stock Car
Andrew Fidler,Elwell,MI,Stock Car
Brent Fielder,Kansas City,MO,Stock Car
Scott Foster,Oakley,CA,Stock Car
Troy Foulger,Oakley,CA,Stock Car
Braxton Franks,Cedar Rapids,IA,Stock Car
Robert Gallaher,San Jose,CA,Stock Car
Robert Garst,Topeka,KS,Stock Car
Jerry Gifford,Boone,IA,Stock Car
Jason Goddard,Green Isle,MN,Stock Car
Mason Goettl,Winsted,MN,Stock Car
Adam Goff,Minot,ND,Stock Car
Tim Gonska,Brainerd,MN,Stock Car
William Gould,Calera,OK,Stock Car
Tristan Grape,Bellwood,NE,Stock Car
Aidan Gretz,Kewaunee,WI,Stock Car
Brandon Gritz,Enid,OK,Stock Car
Ryan Grochow,New Ulm,MN,Stock Car
Matt Guillaume,Haslet,TX,Stock Car
Jimmy Gustin,Marshalltown,IA,Stock Car
Cody Gustoff,Scranton,IA,Stock Car
Daniel Hagen,Grimes,IA,Stock Car
Mike Hansen,Gillett Grove,IA,Stock Car
Lance Hanson Jr.,Palmer,TX,Stock Car
Ryan Harris,Homer,NE,Stock Car
Travis Hatcher,Honey Creek,IA,Stock Car
Jayson Hefley,Austin,AR,Stock Car
John Heinz,Green Bay,WI,Stock Car
T.J. Herndon,Atwood,TN,Stock Car
Bryan Herrick,Curtis,NE,Stock Car
Miciah Hidlebaugh,Menlo,IA,Stock Car
Ty Hill,Winterset,IA,Stock Car
Chanse Hollatz,Clear Lake,IA,Stock Car
Brandon Hood,McGregor,TX,Stock Car
Brandon Hoover,Pattonsbirg,MO,Stock Car
Jim Horejsi,Marshalltown,MN,Stock Car
Andy Huffaker,Hastings,NE,Stock Car
Abe Huls,Carthage,IL,Stock Car
Eddie Ingram,Kansas City,KS,Stock Car
Vern Jackson,Waterloo,IA,Stock Car
Michael Jaennette,Kellogg,IA,Stock Car
Troy Jerovetz,Iowa Falls,IA,Stock Car
Andrew Jochim,Harwood,ND,Stock Car
Casen Keller,Indianola,IA,Stock Car
Reid Keller,Webster City,IA,Stock Car
Justin Kinderknecht,Salina,KS,Stock Car
Trey Kline,Schleswig,IA,Stock Car
Weston Koop,Rockwell,IA,Stock Car
Chad Krogmeier,Burlington,IA,Stock Car
Jake Kubik,Bassett,NE,Stock Car
Taylor Kuehl,Cave Creek,AZ,Stock Car
Wayne Landheer,Buffalo Center,IA,Stock Car
Dustin Larson,Rushmore,MN,Stock Car
Jeffrey Larson,Reading,MN,Stock Car
Nathan Lauscher,Two Rivers,WI,Stock Car
Blake Lehman,Winterset,IA,Stock Car
Luke Lemmens,Green Bay,WI,Stock Car
Cody Leonard,Sinton,TX,Stock Car
Mike Lineberry,Fremont,NE,Stock Car
Johnathon Logue,Logansport,IA,Stock Car
Zach Lomasney,Tipton,KS,Stock Car
Matthew Looft,Swea City,IA,Stock Car
Justin Luinenburg,Reading,MN,Stock Car
Ryan Lujeck,Oshkosh,WI,Stock Car
Curt Lund,Redwood Falls,MN,Stock Car
Dan Mackenthun,Hamburg,MN,Stock Car
Speedy Madrid,Phoenix,AZ,Stock Car
Jake McBirnie,Boone,IA,Stock Car
Andrea McCain,South Haven,MN,Stock Car
Jason McDowell,Grand Junction,IA,Stock Car
Austin Meiners,Polk City,IA,Stock Car
Kenny Merritt,Lorena,TX,Stock Car
Ronn Meyer,Norco,CA,Stock Car
Tejay Mielke,Norfolk,NE,Stock Car
Jeremy Mills,Clear Lake,IA,Stock Car
David Moriarty,Jordan,MN,Stock Car
Chris Morris,Thorndale,TX,Stock Car
Dylan Moss,Waxahachie,TX,Stock Car
Josiah Moulds,Urbandale,IA,Stock Car
Jeff Mueller,Boone,IA,Stock Car
Angel Munoz,Lamar,CO,Stock Car
David Murray Jr.,Oberlin,KS,Stock Car
Dallon Murty,Chelsea,IA,Stock Car
Damon Murty,Chelsea,IA,Stock Car
Justin Nehring,Storm Lake,IA,Stock Car
Tyler Nelsen,Lohrville,IA,Stock Car
Josh Nichols,Hanford,CA,Stock Car
Mike Nichols,Harlan,IA,Stock Car
Trent Nolan,Shawano,WI,Stock Car
Kole Nordquist,Beresford,SD,Stock Car
Frank Ogden,Coaldale,CO,Stock Car
Chris Oliver,Syracuse,KS,Stock Car
John Oliver Jr.,West Burlington,IA,Stock Car
Scott Olson,Blairsburg,IA,Stock Car
Kevin Opheim,Mason City,IA,Stock Car
Greg Osman,Eureka,IL,Stock Car
Darren Otto,Green Bay,WI,Stock Car
Jacob Pace,Kearny,AZ,Stock Car
Chad Palmer,Renwick,IA,Stock Car
Shane Palmer,Huxley,IA,Stock Car
Chris Palsrok,Estherville,IA,Stock Car
John Parmeley,Phoenix,AZ,Stock Car
Greg Peck,Sioux City`,IA,Stock Car
Blake Peeler,Trimble,MO,Stock Car
Ryan Peery,Yreka,CA,Stock Car
Michael Pepper,Lakin,KS,Stock Car
Gary Pesicka,Burt,IA,Stock Car
Loren Pesicka Jr.,Burt,IA,Stock Car
Mike Petersilie,Hoisington,KS,Stock Car
Ronn Pettitt,Norfolk,NE,Stock Car
Tanner Pettitt,Norfolk,NE,Stock Car
Tyler Pickett,Boone,IA,Stock Car
Corey Piffer,Indianaola,IA,Stock Car
James Pittman,Grand Island,NE,Stock Car
David Plumisto,Fort Lupton,CO,Stock Car
David Powell,Kansas City,MO,Stock Car
Chris Pruitt,Stuart,IA,Stock Car
Mike Puckett,Calhan,CO,Stock Car
Nicholas Rees,Woodward,IA,Stock Car
Derek Reimer,St. Anthony,IA,Stock Car
Todd Reitzler,Grinnell,IA,Stock Car
Kaden Reynolds,Cedar Rapids,IA,Stock Car
Braden Richards,Madrid,IA,Stock Car
Rod Richards,Madrid,IA,Stock Car
Jeremy Richey,Medford,OR,Stock Car
Ryan Roath,Peoria,AZ,Stock Car
Kevin Roberts,Radersburg,MT,Stock Car
Nick Roberts,Des Moines,IA,Stock Car
Dakota Robinson,Arlington,MN,Stock Car
Kevin Robinson,Woodward,IA,Stock Car
Kyle Robinson,Pilot Point,TX,Stock Car
Jason Robles,Rio Vista,CA,Stock Car
Jason Rogers,Selden,KS,Stock Car
Kevin Rose,Waterloo,IA,Stock Car
Tim Rupp,Cherokee,IA,Stock Car
Joel Rust,Grundy Center,IA,Stock Car
Jake Sachau,Manning,IA,Stock Car
Buck Schafroth,Orient,IA,Stock Car
Tony Schlei,Union Grove,WI,Stock Car
Jay Schmidt,Tama,IA,Stock Car
Brandon Schmitt,Beaver Dam,WI,Stock Car
Arie Schouten,Lincoln,NE,Stock Car
Austin Schrage,Knoxville,IA,Stock Car
Dakoda Sellers,Vinton,IA,Stock Car
Chad Shaw,Trimble,MO,Stock Car
Hesston Shaw,Hennessey,OK,Stock Car
Kelly Shryock,Fertile,IA,Stock Car
Jared Siefert,Luxemburg,WI,Stock Car
David Smith,Lake City,IA,Stock Car
Devin Smith,Lake City,IA,Stock Car
Donavon Smith,Lake City,IA,Stock Car
Doug Smith,Lake City,IA,Stock Car
Bryan Snell,Coon Rapids,IA,Stock Car
Dillon Solum,Redmond,OR,Stock Car
Sterling Sorensen,Portsmouth,IA,Stock Car
Michael Spencer,Deford,MI,Stock Car
Mike Stapleton,Denison,IA,Stock Car
Cameron Starry,Corpus Christi,TX,Stock Car
Josh Steele,Platte City,MO,Stock Car
Aaron Stolp,Suamico,WI,Stock Car
Paul Stone,Winton,CA,Stock Car
Tim Stupka,Coal Valley,IL,Stock Car
Larry Sutton,Beloit,KS,Stock Car
Buck Swanson,Waterloo,IA,Stock Car
Troy Swearingen,Thompson,IA,Stock Car
Stefan Sybesma,Sanborn,IA,Stock Car
Jeremy Tharp,Bald Knob,AR,Stock Car
Ed Thomas,Waterloo,IA,Stock Car
Ethan Thompson,Boyden,IA,Stock Car
Dylan Thornton,Orcutt,CA,Stock Car
Ken Tietz,Belle Plaine,MN,Stock Car
Chris Toot,Albert Lea,MN,Stock Car
Darin Toot,Albert Lea,MN,Stock Car
Heath Tulp,Kanawha,IA,Stock Car
Rowdee Van Genderen,Newton,IA,Stock Car
Dusty Van Horn,Atlantic,IA,Stock Car
Mike Vandermark Jr.,Cedar Springs,MI,Stock Car
Todd VanEaton,Oreint,IA,Stock Car
Austin VanHoff,Chowchilla,CA,Stock Car
Brett Vanous,Quasqueton,IA,Stock Car
Jason Vansickel,Webster City,IA,Stock Car
Mike Vondrak,Galva,IA,Stock Car
Jackson Vsetecka,Fort Atkinson,IA,Stock Car
Jason Ward,Sioux City,IA,Stock Car
Jeff Ware,Columbus,NE,Stock Car
Chase Weimer,Eldora,IA,Stock Car
Clint Wendel,Mason City,IA,Stock Car
Brady Wenzlaff,Yankton,SD,Stock Car
Paul Wenzlaff,Yankton,SD,Stock Car
Daniel West,Bakersfield,CA,Stock Car
Brad Whitney,Trenton,MO,Stock Car
David Wickman,Emmetsburg,IA,Stock Car
Megan Wiggins,Shepherd,MI,Stock Car
Chris Wilke,Urbandale,IA,Stock Car
Shelby Williams,Bonham,TX,Stock Car
Scott Wilson,Okemah,OK,Stock Car
Casey Woken,Altoona,IA,Stock Car
Justin Wright,Rock Springs,WY,Stock Car
Leah Wroten,Independence,IA,Stock Car
Justen Yeager,Green River,WY,Stock Car
Kayden Young,Weyauwega,WI,Stock Car
Johnny Yutterman,Rocky Ford,CO,Stock Car
Quinton Yutterman,Rocky Ford,CO,Stock Car
Elijah Zevenbergen,Ocheyedan,IA,Stock Car
Nicholas Adams,Ames,IA,Hobby Stock
Jordan Ahlers,Slayton,MN,Hobby Stock
Parker Anderson,Welcome,MN,Hobby Stock
Caden Appelt,Minot,ND,Hobby Stock
Nathan Asche,Armstrong,IA,Hobby Stock
Brian Ashburn,Callender,IA,Hobby Stock
Zach Bales,Merrill,IA,Hobby Stock
Garrett Ball,Independence,IA,Hobby Stock
Jim Ball,Independence,IA,Hobby Stock
Tyler Ball,Independence,IA,Hobby Stock
Nathan Ballard,Marengo,IA,Hobby Stock
David Banks,Brush,CO,Hobby Stock
Gabe Barclay,Homer,NE,Hobby Stock
Drew Barglof,Sioux Rapids,IA,Hobby Stock
Drew Barry,Deshler,NE,Hobby Stock
Rusty Bates,Casey,IA,Hobby Stock
Dylan Bell,St. John,KS,Hobby Stock
Brady Bencken,Oakley,KS,Hobby Stock
Solomon Bennett,Minburn,IA,Hobby Stock
Scott Bernards,Phoenix,AZ,Hobby Stock
Corey Black,Mankato,MN,Hobby Stock
Travis Blythe,Beatrice,NE,Hobby Stock
Brandon Bombardo,New Prague,MN,Hobby Stock
Matt Brown,Dysart,IA,Hobby Stock
Taylor Brown,Yankton,SD,Hobby Stock
Kalyb Brunssen,Le Mars,IA,Hobby Stock
Andrew Burg,Adel,IA,Hobby Stock
Keith Burg,Adel,IA,Hobby Stock
Seth Butler,Glidden,IA,Hobby Stock
David Carter,Fremont,NE,Hobby Stock
Colby Christensen,Audubon,IA,Hobby Stock
Christian Cook,Coon Rapids,IA,Hobby Stock
Carter Davis,Hinton,IA,Hobby Stock
Calvin Dhondt,Kellogg,iA,Hobby Stock
Brett Doege,Buffalo Center,IA,Hobby Stock
Jimmy Doescher,Hollandale,WI,Hobby Stock
Jeremy Dooley,Promise City,IA,Hobby Stock
Joe Doran,Paton,IA,Hobby Stock
Stephen Doss,Boone,IA,Hobby Stock
Rob Durfee,North Platte,NE,Hobby Stock
Aaron Elliott,Boone,IA,Hobby Stock
Carl Ellis,Pleasantville,IA,Hobby Stock
R.J. Esqueda,Granada,MN,Hobby Stock
Brayden Fahrni,Marshalltown,IA,Hobby Stock
Dustin Filloon,Tama,IA,Hobby Stock
Jeff Fink,Denison,IA,Hobby Stock
Jacob Floyd,Cedar Rapids,IA,Hobby Stock
Justin Frederick,Cleghorn,IA,Hobby Stock
Gordon French,La Junta,CO,Hobby Stock
Zach Frye,Sioux City,IA,Hobby Stock
Aron Fye,Alden,IA,Hobby Stock
Bobby Gallaher,San Jose,CA,Hobby Stock
Braden Gifford,Boone,IA,Hobby Stock
Wayne Gifford,Boone,IA,Hobby Stock
Mylee JoAnn Goldwich-Rhames,Farmington,NM,Hobby Stock
Brad Graham,Brooklyn,IA,Hobby Stock
Bradly Graham,Victor,IA,Hobby Stock
Jack Greuter,Grand Island,NE,Hobby Stock
Lonnie Greuter,Grand Island,NE,Hobby Stock
Brennor Grinstead,Stanley,ND,Hobby Stock
Tyson Grinstead,Bismarck,ND,Hobby Stock
Dustin Gulbrandson,Sioux Falls,SD,Hobby Stock
Dan Hanselman,Algona,IA,Hobby Stock
Tayte Harazin,Redwood Falls,MN,Hobby Stock
Colin Hein,Columbus,NE,Hobby Stock
Zach Hemmingsen,Marne,IA,Hobby Stock
Kale Hemsley,Sigourney,IA,Hobby Stock
Payce Herrera,Price,UT,Hobby Stock
Brayden Hilzer,Fort Morgan,CO,Hobby Stock
Andy Hoffman,Sioux City,IA,Hobby Stock
Brandon Holbrook,Altoona,IA,Hobby Stock
Cody Hubbell,Rolfe,IA,Hobby Stock
Brayden Hurley,Grand Island,NE,Hobby Stock
Andrew Inman,Mason City,IA,Hobby Stock
Austin Jahnz,Lewisville,MN,Hobby Stock
Wes Jahnz,St. James,MN,Hobby Stock
Lowell Janssen,Yankton,SD,Hobby Stock
Seth Janssen,Ogden,IA,Hobby Stock
Kyle Jared,Troy Mills,IA,Hobby Stock
Bennett Johnson,Red Oak,IA,Hobby Stock
Darin Johnson,Dickens,IA,Hobby Stock
James Johnson,Cherokee,IA,Hobby Stock
Tanner Jones,Grand Island,NE,Hobby Stock
Tom Killen Jr.,Des Moines,IA,Hobby Stock
Michael Kimm,Vinton,IA,Hobby Stock
Nash Koehn,Sedalia,CO,Hobby Stock
Travis Koester,Glencoe,MN,Hobby Stock
Jason Kohl,Missouri Valley,IA,Hobby Stock
Riley Kort,Gothenburg,NE,Hobby Stock
Briar Kriegel,Brooklyn,IA,Hobby Stock
Rick Kriegel,Brooklyn,IA,Hobby Stock
Chris Krug,Emmetsburg,IA,Hobby Stock
Randy LaMar,Buffalo,IA,Hobby Stock
Aidan Lamasters,Marshalltown,IA,Hobby Stock
Tylan Lambertus,Grand Island,NE,Hobby Stock
Chuck Ledbetter,Loomis,NE,Hobby Stock
Blake Luinenburg,Reading,MN,Hobby Stock
Austin Lundquist,Sioux City,IA,Hobby Stock
Les Lundquist,Sioux City,IA,Hobby Stock
Chuck Madden Jr.,Avoca,IA,Hobby Stock
Joel Magee,Palm Beach Gardens,FL,Hobby Stock
Chad Mannion,Waterloo,IA,Hobby Stock
Matt McDonald,Scranton,IA,Hobby Stock
Zach McNeese,Independence,IA,Hobby Stock
Mitchell McNeill,Jamaica,IA,Hobby Stock
Jordan Miles,Bernard,IA,Hobby Stock
Karter Miles,Bernard,IA,Hobby Stock
Carl Monroe,Sheldon,IA,Hobby Stock
George Motto,St. Peter,MN,Hobby Stock
Mark Neis,Benton,WI,Hobby Stock
Dylan Nelson,Adel,IA,Hobby Stock
Matt Nelson,Ankeny,IA,Hobby Stock
Ethan Neu,Fairview,MT,Hobby Stock
Trenton Neuhaus,Quasqueton,IA,Hobby Stock
Brandon Nielsen,Spencer,IA,Hobby Stock
Zach Olmstead,Overton,NE,Hobby Stock
Tyson Overton,Carlisle,IA,Hobby Stock
Chase Peterson,Milaca,MN,Hobby Stock
Tommy Pfanenstiel,Abilene,KS,Hobby Stock
Cole Pfeifer,Hays,KS,Hobby Stock
Luke Phillips,Wapello,IA,Hobby Stock
Skylar Pruitt,Stuart,IA,Hobby Stock
Hunter Rebstock,Redwood Falls,MN,Hobby Stock
Curt Reed,Des Moines,IA,Hobby Stock
Dillon Richards,Beatrice,NE,Hobby Stock
Shane Richardson,Wapello,IA,Hobby Stock
Chad Rickett Jr.,Marshalltown,IA,Hobby Stock
B.J. Rogers,Selden,KS,Hobby Stock
John Ross,Rushmore,MN,Hobby Stock
Kyler Satran,Minot,ND,Hobby Stock
Evan Schettler,Adrian,MN,Hobby Stock
Jay Sidles,Emmetsburg,IA,Hobby Stock
Josh Sidles,Emmetsburg,IA,Hobby Stock
Scott Siems,Cedar Rapids,IA,Hobby Stock
David Simpson,Des Moines,IA,Hobby Stock
Mike Smith,Lake City,IA,Hobby Stock
Tyler Smith,Sioux City,IA,Hobby Stock
Will Smith,Lake City,IA,Hobby Stock
Billy Stanford,Wapello,IA,Hobby Stock
Eric Stanton,Carlisle,IA,Hobby Stock
Adam Streeter,Walker,IA,Hobby Stock
Jeremy Swanson,Strawberry Point,IA,Hobby Stock
Michael Swenson,Boscobel,WI,Hobby Stock
Jason Tetzlaff,Council Bluffs,IA,Hobby Stock
John Thomas,Strasburg,CO,Hobby Stock
Dillon Thompson,Hastings,NE,Hobby Stock
Tyler Thompson,Juniata,NE,Hobby Stock
Adam Tiernan,Madrid,IA,Hobby Stock
Jordan Troutman,Columbus,NE,Hobby Stock
Alex Tvedt,Minot,ND,Hobby Stock
Josh Van Cannon,Ogden,IA,Hobby Stock
Corey Van Der Wilt,Lynnville,IA,Hobby Stock
Chad Volk,Lake Crystal,MN,Hobby Stock
Justin Wacha,Vinton,IA,Hobby Stock
Matthew Wahl,West Des Moines,IA,Hobby Stock
Adam Wasserman,Glencoe,MN,Hobby Stock
John Watson,Des Moines,IA,Hobby Stock
Ryan Wells,Melcher-Dallas,IA,Hobby Stock
Sam West,Ferguson,IA,Hobby Stock
Cody Williams,Minneapolis,KS,Hobby Stock
Shaun Wirtz,Boone,IA,Hobby Stock
Joe Wollehnaupt,Neola,IA,Hobby Stock
Joey Young,Indianola,IA,Hobby Stock
Justin Yutterman,Rocky Ford,CO,Hobby Stock
Alex Banks,Newman Grove,NE,Late Model
Braxton Berry,La Junta,CO,Late Model
Jesse Bodin,Silvis,IL,Late Model
Chase Brunscheen,Dyersville,IA,Late Model
Troy Burkhart,Hays,KS,Late Model
Shane DeMey,Denison,IA,Late Model
Travis Denning,Sterling,IL,Late Model
Cory Dumpert,Newman Grove,NE,Late Model
Eric Faber,Sioux Center,IA,Late Model
T.J. Fortmann,East Dubuque,IL,Late Model
Matt Haase,Norfolk,NE,Late Model
Bobby Hansen,Center Point,IA,Late Model
Beau Johnson,Plainview,NE,Late Model
Sean Johnson,Independence,IA,Late Model
Jordan Krug,Council Bluffs,IS,Late Model
Evan Miller,Silvis,IL,Late Model
Clint Morehouse,Colona,IL,Late Model
Keegan Nordquist,Beresford,SD,Late Model
Alissa Palsrok,Estherville,IA,Late Model
Adam Parmeley,Cadet,MO,Late Model
Mike Petersilie,Hoisington,KS,Late Model
Chase Raymond,Crandall,TX,Late Model
J.J. Rodeman,Cairo,NE,Late Model
Anthony Roth,Columbus,NE,Late Model
Dylan Thornton,Orcutt,CA,Late Model
Cooper Tilley,Omaha,NE,Late Model
Zach Zeitner,Bellevue,NE,Late Model
Gilbert Aldape,Sioux City,IA,Sport Compact
Blake Andrus,Sweetwater,TX,Sport Compact
Brandon Backstrom,Pillager,MN,Sport Compact
Josh Backstrom,Pillager,MN,Sport Compact
Bryce Bartel,Marshalltown,IA,Sport Compact
Jake Benischek,Durant,IA,Sport Compact
Mitch Bielenberg,Charlotte,IA,Sport Compact
Dyllan Bonk,Hannibal,MO,Sport Compact
Devon Bowles,Italy,TX,Sport Compact
Taylor Brown,Yankton,SD,Sport Compact
Ryan Bryant,Mason City,IA,Sport Compact
Jeff Burgess,Vinton,IA,Sport Compact
Benjamin Burke,Minot,ND,Sport Compact
Jerry Coopman,Mankato,MN,Sport Compact
Nate Coopman,Mankato,MN,Sport Compact
Jay Crabill,Cedar Rapids,IA,Sport Compact
Dalton Cullinan,Clear Lake,IA,Sport Compact
Kaytee DeVries,Spencer,IA,Sport Compact
Bobby Douglas,Bowen,IL,Sport Compact
Josh Duchsherer,Minot,ND,Sport Compact
Mark Earl,Burleson,TX,Sport Compact
Tyler Fiebelkorn,Stuart,IA,Sport Compact
Rileigh Flohrs,Hastings,NE,Sport Compact
Chuck Fullenkamp,West Point,IA,Sport Compact
Cristian Grady,Cedar Rapids,IA,Sport Compact
Rusty Gyles,St. Charles,IA,Sport Compact
Trey Hinton,Beatrice,NE,Sport Compact
Tyler Housley,Council Bluffs,IA,Sport Compact
Bruce Hower,Indianola,IA,Sport Compact
Devin Jones,Mason City,IA,Sport Compact
Tyrel Jones,Bois D'arc,MO,Sport Compact
David Kimmel,New Virginia,IA,Sport Compact
Gabriella King,Elgin,TX,Sport Compact
Jeff Klinkefus,Golden,CO,Sport Compact
Jace Knight,Waterloo,IA,Sport Compact
Dan Kruse,Lyons,KS,Sport Compact
Sean Leasure,Mansfield,TX,Sport Compact
Ally Luna-Richey,Medford,OR,Sport Compact
Andrew Malinowski,Brainerd,MN,Sport Compact
Christopher Mannion,Waterloo,IA,Sport Compact
Randall Martin,Springtown,TX,Sport Compact
Curtis Masterson,New Virginia,IA,Sport Compact
William Michel,Columbus Junction,IA,Sport Compact
Gavin Miller,Dow City,IA,Sport Compact
Serth Miller,Goodland,KS,Sport Compact
Matthew Moore,Ottumwa,IA,Sport Compact
Brian Newcomer,Red Oak,TX,Sport Compact
Brooke Osler,Milford,IA,Sport Compact
Hunter Patrick,St. Charles,IA,Sport Compact
Chris Pittman,Dunkerton,IA,Sport Compact
Jack Post,Sauk Rapids,MN,Sport Compact
Charles Prime,Britt,IA,Sport Compact
Nathan Recker,Granville,IA,Sport Compact
Brandon Reu,Donnellson,IA,Sport Compact
Kevin Reuter,San Diego,CA,Sport Compact
Kaylee Richards,Wymore,NE,Sport Compact
Spencer Roggentien,Amana,IA,Sport Compact
Baylen Rooker,Emily,MN,Sport Compact
Mick Rykhus,Lecenter,MN,Sport Compact
Devin Schmidt,Nortonville,KS,Sport Compact
Justin Schmidt,Grand Island,NE,Sport Compact
Sam Schmitt,Wall Lake,IA,Sport Compact
Tim Schnathorst,Burlington,IA,Sport Compact
Anthony Simants,Kearney,NE,Sport Compact
Mark Smith,Huxley,IA,Sport Compact
Stephen Stiteler,Decatur,TX,Sport Compact
Alyssa Thies,Mapleton,IA,Sport Compact
Johnny Thomas,Beatrice,NE,Sport Compact
Jaice Tuttle,Vinton,IA,Sport Compact
Mike Vogt,Sioux City,IA,Sport Compact
Levi Volkert,Correctionville,IA,Sport Compact
Jason Weber,Enid,OK,Sport Compact
Zeke Wheeler,Vinton,IA,Sport Compact
Dylan Whitley,Enid,OK,Sport Compact
Jeremy Williams,Oskaloosa,IA,Sport Compact
Josh Winegarden,Clare,IA,Sport Compact
Colton Zaputil,Agency,IA,Sport Compact
Justin Addison,Meadow Grove,NE,Northern Sportmod
Brayden Ahlers,Slayton,MN,Northern Sportmod
Nate Albrant,Clear Lake,IA,Northern Sportmod
Dakota Anderson,Revere,MO,Northern Sportmod
Logan Anderson,Eddyville,IA,Northern Sportmod
Matt Avila,Boone,IA,Northern Sportmod
Adam Baker,Bakersfield,CA,Northern Sportmod
Brian Baker,Bakersfield,CA,Northern Sportmod
Jason Bannister,Bakersfield,CA,Northern Sportmod
Tyler Bannister,Bakersfield,CA,Northern Sportmod
Connor Barnes,Lindsborg,KS,Northern Sportmod
Josh Barnhart,Colby,KS,Northern Sportmod
Troy Bayne,Hershey,NE,Northern Sportmod
Douglas Beaman,Fort Morgan,CO,Northern Sportmod
Tyler Beaman,Fort Morgan,CO,Northern Sportmod
Jacob Beckstrom,Pierson,IA,Northern Sportmod
Kaden Besaw,Omro,WI,Northern Sportmod
Adam Birck,Canton,MO,Northern Sportmod
Josh Blom,South Sioux City,NE,Northern Sportmod
Joey Boylan,Indianola,IA,Northern Sportmod
Jorddon Braaten,Central Point,OR,Northern Sportmod
Tyler Bridges,Columbus,NE,Northern Sportmod
Nathan Bringer,Lewistown,MO,Northern Sportmod
Coleman Browning,Cameron,MO,Northern Sportmod
Chris Burke,Altoona,IA,Northern Sportmod
Jason Carney,Boone,IA,Northern Sportmod
Brayton Carter,Oskaloosa,IA,Northern Sportmod
Cody Center,Mesa,AZ,Northern Sportmod
B.J. Charlson,Indianola,IA,Northern Sportmod
Jonah Chinn,Sioux City,IA,Northern Sportmod
Danny Concelman,Colorado Springs,CO,Northern Sportmod
P.J. Conger,St. Joseph,MO,Northern Sportmod
Joseph Cooper,North Platte,NE,Northern Sportmod
Joshua Cordova,Yuma,AZ,Northern Sportmod
Randy Cram,Algona,IA,Northern Sportmod
Brandon Dale,Arbela,MO,Northern Sportmod
Maquire DeJong,Montezuma,IA,Northern Sportmod
Wes Digman,Cuba City,WI,Northern Sportmod
Kade Dimick,Price,UT,Northern Sportmod
Joel Docekal,Dysart,IA,Northern Sportmod
Trevor Drake,Brighton,MO,Northern Sportmod
Robert Draper,Valparaiso,NE,Northern Sportmod
Tim Eaton,St. Joseph,MO,Northern Sportmod
Kenser Ellis,Ankeny,IA,Northern Sportmod
Josalyn Elmquist,Boone,IA,Northern Sportmod
Broddy Enter,New Ulm,MN,Northern Sportmod
Derek Fehling,Beaver Dam,WI,Northern Sportmod
Alec Fett,Burt,IA,Northern Sportmod
Colby Fett,Algona,IA,Northern Sportmod
Drew Fett,Thompson,IA,Northern Sportmod
Jarett Franzen,Maquoketa,IA,Northern Sportmod
Christopher Frisbie,Boone,IA,Northern Sportmod
Tyler Frye,Belleville,KS,Northern Sportmod
Jorge Garcia,Denver,CO,Northern Sportmod
Frank Gasperini,Iron Mountain,MI,Northern Sportmod
Dakota Girard,Moberly,MO,Northern Sportmod
Kyler Girard,Moberly,MO,Northern Sportmod
Aiden Gnat,Norfolk,NE,Northern Sportmod
Kamren Gruber,Munjor,KS,Northern Sportmod
Gregg Hamman,Kingsley,IA,Northern Sportmod
Cole Hanshew,Minot,ND,Northern Sportmod
Randy Havlik,Ankeny,IA,Northern Sportmod
Tyler Heckart,Ottumwa,IA,Northern Sportmod
CJ Hedges,Tripoli,WI,Northern Sportmod
Doug Heimbaugh,St. Joseph,MO,Northern Sportmod
Crystal Hemphill,Yuma,AZ,Northern Sportmod
Payce Herrera,Price,UT,Northern Sportmod
Cole Hesse,Gibbon,MN,Northern Sportmod
Gage Hilgenberg,Waukee,IA,Northern Sportmod
Hayden Hillgartner,Harlan,IA,Northern Sportmod
Zeke Hillgartner,Harlan,IA,Northern Sportmod
Brady Hilmer,Dysart,IA,Northern Sportmod
David Hoover,Boone,IA,Northern Sportmod
Lee Horky,Fairbury,NE,Northern Sportmod
Stacey Huffman,Salina,KS,Northern Sportmod
Warren Huffman,Salina,KS,Northern Sportmod
Jeff Hunter,Henderson,CO,Northern Sportmod
Eddie Ingram,Kansas City,KS,Northern Sportmod
Eric Ingram,Beloit,KS,Northern Sportmod
Tyler Inman,Altoona,IA,Northern Sportmod
Luke Jackson,Sioux City,IA,Northern Sportmod
Jonathan Jensen,Norfolk,NE,Northern Sportmod
Brian Johnson,Perry,IA,Northern Sportmod
Zander Keeland,Bakersfield,CA,Northern Sportmod
Mike Kennedy,Madison Lake,MN,Northern Sportmod
Willy Kirk,Sloan,IA,Northern Sportmod
Taylor Kuehl,Cave Creek,AZ,Northern Sportmod
Carson Lang,Gallatin,MO,Northern Sportmod
Colby Langenberg,Norfolk,NE,Northern Sportmod
Tom Lathrop,Ottumwa,IA,Northern Sportmod
Ryan Leeman,Roland,IA,Northern Sportmod
Tate Loftis,Bakersfield,CA,Northern Sportmod
Hunter Longnecker,Woodward,IA,Northern Sportmod
Matthew Looft,Swea City,IA,Northern Sportmod
Dustin Lynch,Boone,IA,Northern Sportmod
Corey Madden,Avoca,IA,Northern Sportmod
Tyler Maschmann,Mechanicsville,IA,Northern Sportmod
Dusty Masolini,Des Moines,IA,Northern Sportmod
Doug McCollough,Webster City,IA,Northern Sportmod
Steve McLaughlin,Newton,IA,Northern Sportmod
Dan Melton,Rhinelander,WI,Northern Sportmod
Cameron Meyer,Pierce,NE,Northern Sportmod
Schannon Mohamed,Yuma,AZ,Northern Sportmod
Mike Monnig,Big Spring,MO,Northern Sportmod
Hudson Morris,Yuma,AZ,Northern Sportmod
Bryan Morris,St. Charles,IA,Northern Sportmod
Miles Morris,Yuma,AZ,Northern Sportmod
Mitchell Morris,St. Charles,IA,Northern Sportmod
Nick Morris,Bellevue,NE,Northern Sportmod
Ryan Moser,Englewood,CO,Northern Sportmod
Rayce Mullen,Pearl City,IL,Northern Sportmod
Casey Murdoch,Glendale,AZ,Northern Sportmod
Derek Murphy,Colorado Springs,CO,Northern Sportmod
Garrett Nelson,Osceola,IA,Northern Sportmod
Tyler Nerud,Dorchester,NE,Northern Sportmod
Jake Newsom,Sioux City,IA,Northern Sportmod
Robb Nutt,Armstrong,IA,Northern Sportmod
Brendyn Nordyke,Holly,CO,Northern Sportmod
Monty Nordyke,Holly,CO,Northern Sportmod
Jared Nytroe,Brandon,SD,Northern Sportmod
Frank Ogden,Coaldale,CO,Northern Sportmod
Cole Olexiewicz,Susanville,CA,Northern Sportmod
Jacob Olmstead,Overton,NE,Northern Sportmod
Geoff Olson,Sioux City,IA,Northern Sportmod
Kyle Olson,Cedar Rapids,IA,Northern Sportmod
Tony Olson,Cedar Rapids,IA,Northern Sportmod
Riley Osantowski,Columbus,NE,Northern Sportmod
Jayden Oskerson,Fairmont,MN,Northern Sportmod
Shane Paris,Muscatine,IA,Northern Sportmod
Ryan Peery,Yreka,CA,Northern Sportmod
Cory Pestotnik,Boone,IA,Northern Sportmod
Claton Peters,Waco,NE,Northern Sportmod
John Piker,Bakersfield,CA,Northern Sportmod
Austin Price,Le Mars,IA,Northern Sportmod
Zachary Raab,Antigo,WI,Northern Sportmod
Justin Raymond,Burt,IA,Northern Sportmod
John Rebstock,Franklin,MN,Northern Sportmod
Jeremiah Reed,Otho,IA,Northern Sportmod
Joe Reetz,Dunlap,IA,Northern Sportmod
Ben Reierson,Arlington,MN,Northern Sportmod
Cam Reimers,Kelley,IA,Northern Sportmod
Darin Roepke,Le Mars,IA,Northern Sportmod
Ty Rogers,Yuma,AZ,Northern Sportmod
Joel Roller,Morning Sun,IA,Northern Sportmod
Robby Rosselli,Minot,ND,Northern Sportmod
Jake Sachau,Manning,IA,Northern Sportmod
Brian Schrage,Cresco,IA,Northern Sportmod
Colton See,Chilton,WI,Northern Sportmod
Chad Shaw,Trimble,MO,Northern Sportmod
Curt Smeins,Dike,IA,Northern Sportmod
Alex Smith,Algona,IA,Northern Sportmod
Bill Smith,Evans,CO,Northern Sportmod
Doug Smith,Lake City,IA,Northern Sportmod
Hunter Smith,Fort Morgan,CO,Northern Sportmod
Matt Smith,Malvern,IA,Northern Sportmod
Brody Spangler,Dove Creek,CO,Northern Sportmod
Jared Spaulding,Greenville,WI,Northern Sportmod
Nathan Speten,Wilton,ND,Northern Sportmod
Matt Spiess,Jefferson City,MO,Northern Sportmod
Brody Spreng,Sioux City,IA,Northern Sportmod
Austin Stamm,Orangeville,IL,Northern Sportmod
Charlie Stevens,Algona,IA,Northern Sportmod
Jessiah Taylor,Boone,IA,Northern Sportmod
Chad Ten Napel,Sioux City,IA,Northern Sportmod
Brandon Tharp,Vinton,IA,Northern Sportmod
Brett Thomas,Walker,IA,Northern Sportmod
Robbie Thome,Spalding,NE,Northern Sportmod
Dylan Van Wyk,Oskaloosa,IA,Northern Sportmod
Emali VanHoff,Chowchilla,CA,Northern Sportmod
Curtis Veber,Polk City,IA,Northern Sportmod
Logan Veloz,Colona,IL,Northern Sportmod
Coy Vlies,Casco,WI,Northern Sportmod
Adam Vrbka,Eagle,NE,Northern Sportmod
Danny Wagner,Baypoint,CA,Northern Sportmod
Dylon Waldvogel,Antigo,WI,Northern Sportmod
Bill Wegner,Armstrong,IA,Northern Sportmod
Chase Weimer,Eldora,IA,Northern Sportmod
Dustin White,Eagle River,WI,Northern Sportmod
Will Wolf,Grinnell,IA,Northern Sportmod
Reed Wolfmeyer,Liberty,IL,Northern Sportmod
Brandon Wulf,Kiron,IA,Northern Sportmod
Jason York,Boone,IA,Norther Sportmod